coeff,value,gamma1,gamma2,rmse
a1,0.248,0.555556,0.44,11.152959291951191
a1,0.279,0.555556,0.44,10.476852495728217
a1,0.341,0.555556,0.44,9.51352685625614
a1,0.372,0.555556,0.44,10.86009504251663
betaStar,0.072,0.728430811,0.613740215,10.077805547868223
betaStar,0.081,0.630604329,0.516631648,9.917012376718922
betaStar,0.099,0.490447322,0.379039755,9.808882034095774
betaStar,0.108,0.438688439,0.328812386,9.57314873804878
alphaK1,0.68,0.555556,0.44,9.739681011749749
alphaK1,0.765,0.555556,0.44,9.778758891825213
alphaK1,0.935,0.555556,0.44,9.896988494892756
alphaK1,1.02,0.555556,0.44,9.737211046510204
alphaK2,0.8,0.555556,0.44,9.712274293109811
alphaK2,0.9,0.555556,0.44,9.87852939666881
alphaK2,1.1,0.555556,0.44,9.646675340654859
alphaK2,1.2,0.555556,0.44,9.9871654607438
alphaOmega1,0.4,0.6092,0.440354667,9.904137355955726
alphaOmega1,0.45,0.581183333,0.440354667,9.798840852520451
alphaOmega1,0.55,0.52515,0.440354667,9.728994823801184
alphaOmega1,0.6,0.497133333,0.440354667,9.733931708054978
alphaOmega2,0.6848,0.553166667,0.536283733,11.139661202256537
alphaOmega2,0.7704,0.553166667,0.4883192,9.96285436947007
alphaOmega2,0.9416,0.553166667,0.392390133,9.639369371297278
alphaOmega2,1.0272,0.553166667,0.3444256,9.55583382693116
